-- phpMyAdmin SQL Dump
-- version 5.2.0
-- https://www.phpmyadmin.net/
--
-- ホスト: localhost
-- 生成日時: 2022-07-21 14:05:53
-- サーバのバージョン： 10.4.24-MariaDB
-- PHP のバージョン: 8.1.5

SET SQL_MODE = "NO_AUTO_VALUE_ON_ZERO";
START TRANSACTION;
SET time_zone = "+00:00";


/*!40101 SET @OLD_CHARACTER_SET_CLIENT=@@CHARACTER_SET_CLIENT */;
/*!40101 SET @OLD_CHARACTER_SET_RESULTS=@@CHARACTER_SET_RESULTS */;
/*!40101 SET @OLD_COLLATION_CONNECTION=@@COLLATION_CONNECTION */;
/*!40101 SET NAMES utf8mb4 */;

--
-- データベース: `point`
--

-- --------------------------------------------------------

--
-- テーブルの構造 `orders`
--

CREATE TABLE `orders` (
  `id` int(32) NOT NULL COMMENT 'ID',
  `user_id` varchar(255) NOT NULL COMMENT 'ユーザーID',
  `product_id` int(32) NOT NULL COMMENT '商品ID'
) ENGINE=InnoDB DEFAULT CHARSET=utf8mb4;

--
-- テーブルのデータのダンプ `orders`
--

INSERT INTO `orders` (`id`, `user_id`, `product_id`) VALUES
(1, 'SO0001', 1),
(2, 'SO0001', 1),
(3, 'SO0001', 1),
(4, 'SO0001', 3),
(5, 'SO0001', 3),
(6, 'SO0001', 3),
(7, 'SO0001', 3),
(8, 'SO0001', 3),
(9, 'KE0001', 3),
(10, 'SO0001', 3),
(11, 'SO0001', 3),
(12, 'SO0001', 3),
(13, 'SO0001', 3),
(14, 'SO0001', 3),
(15, 'SO0001', 3),
(16, 'SO0001', 3),
(17, 'SO0001', 3),
(18, 'SO0001', 3),
(19, 'SO0001', 3),
(20, 'SO0001', 1),
(21, 'SO0001', 3),
(22, 'SO0001', 3),
(23, 'SO0001', 3),
(24, 'SO0001', 1),
(25, 'SO0001', 1),
(26, 'SO0001', 3),
(27, 'SO0001', 3),
(28, 'SO0001', 3),
(29, 'SO0001', 1),
(30, 'SO0001', 1),
(31, 'KE0001', 1);

-- --------------------------------------------------------

--
-- テーブルの構造 `products`
--

CREATE TABLE `products` (
  `id` int(32) NOT NULL COMMENT 'ID',
  `product_name` varchar(255) NOT NULL COMMENT '商品名',
  `required_point` int(32) NOT NULL COMMENT '必要ポイント',
  `description` varchar(512) NOT NULL COMMENT '商品説明'
) ENGINE=InnoDB DEFAULT CHARSET=utf8mb4;

--
-- テーブルのデータのダンプ `products`
--

INSERT INTO `products` (`id`, `product_name`, `required_point`, `description`) VALUES
(1, '商品券', 500, '500円分の商品券です。\r\n全国どこでも使えます。'),
(2, '選べるギフト', 3000, '3000円分の選べるギフトです。\r\nギフトカタログから好きな商品を選べます。'),
(3, '寄付', 100, '日本ホゲホゲに100円分寄付します。\r\n寄付されたポイントは人道支援に使われます。');

-- --------------------------------------------------------

--
-- テーブルの構造 `times`
--

CREATE TABLE `times` (
  `id` int(32) NOT NULL COMMENT 'ID',
  `user_id` varchar(255) NOT NULL COMMENT 'ユーザーID',
  `attendance_flg` int(1) NOT NULL COMMENT '出退勤フラグ(出勤は1、退勤は0)',
  `date` date DEFAULT NULL COMMENT '出退勤日',
  `time` time DEFAULT NULL COMMENT '出退勤時間',
  `earn_point` int(32) DEFAULT NULL COMMENT '獲得ポイント'
) ENGINE=InnoDB DEFAULT CHARSET=utf8mb4;

--
-- テーブルのデータのダンプ `times`
--

INSERT INTO `times` (`id`, `user_id`, `attendance_flg`, `date`, `time`, `earn_point`) VALUES
(4, 'SO0001', 1, '2022-07-11', '12:23:38', 10),
(5, 'SO0001', 1, '2022-07-11', '12:23:51', 10),
(6, 'SO0001', 1, '2022-07-11', '12:27:18', 10),
(7, 'SO0001', 1, '2022-07-11', '12:29:15', 10),
(8, 'SO0001', 1, '2022-07-11', '12:30:23', 10),
(9, 'SO0001', 0, '2022-07-11', '12:35:44', 0),
(10, 'SO0001', 1, '2022-07-11', '18:24:08', 10),
(11, 'SO0001', 1, '2022-07-11', '18:24:43', 10),
(12, 'SO0001', 1, '2022-07-11', '18:26:04', 10),
(13, 'SO0001', 0, '2022-07-11', '18:26:48', 0),
(15, 'SO0001', 1, '2022-07-11', '18:46:30', 10),
(16, 'SO0001', 0, '2022-07-11', '18:46:34', 0),
(18, 'SO0001', 1, '2022-07-14', '11:01:51', 10),
(19, 'SO0001', 0, '2022-07-14', '11:01:56', 0),
(20, 'SO0001', 0, '2022-07-14', '17:35:51', 0),
(21, 'SO0001', 1, '2022-07-14', '17:36:00', 10),
(22, 'SO0001', 0, '2022-07-15', '14:55:07', 0),
(23, 'SO0001', 1, '2022-07-15', '14:55:12', 10),
(24, 'SO0001', 0, '2022-07-15', '17:28:11', 0),
(25, 'KE0001', 0, '2022-07-15', '17:30:03', 0),
(27, 'SE1000', 0, '2022-07-15', '17:41:01', 0),
(28, 'SE1000', 1, '2022-07-15', '17:41:03', 10),
(29, 'SE1000', 0, '2022-07-15', '17:41:05', 0),
(30, 'SE1000', 1, '2022-07-15', '17:41:08', 10),
(31, 'SE1000', 0, '2022-07-15', '17:41:10', 0),
(32, 'SE1000', 1, '2022-07-15', '17:41:13', 10),
(33, 'SE1000', 0, '2022-07-15', '17:41:15', 0),
(34, 'SO0001', 1, '2022-07-15', '18:46:08', 10),
(35, 'SO0001', 1, '2022-07-15', '18:46:10', 10),
(36, 'SO0001', 0, '2022-07-15', '18:47:41', 0),
(37, 'SO0001', 1, '2022-07-15', '18:47:45', 10),
(38, 'SO0001', 1, '2022-07-15', '18:47:49', 10),
(39, 'KE0001', 1, '2022-07-19', '15:32:58', 10),
(40, 'KE0001', 1, '2022-07-19', '15:33:14', 10),
(41, 'KE0001', 0, '2022-07-19', '15:35:12', 0),
(42, 'KE0001', 0, '2022-07-19', '15:35:16', 0),
(43, 'KE0001', 1, '2022-07-19', '15:41:23', 10),
(44, 'KE0001', 0, '2022-07-19', '15:41:41', 0),
(45, 'KE0001', 0, '2022-07-19', '15:41:43', 0),
(46, 'KE0001', 0, '2022-07-19', '15:42:21', 0),
(47, 'KE0001', 1, '2022-07-19', '15:42:30', 10),
(48, 'KE0001', 0, '2022-07-19', '15:42:35', 0),
(49, 'KE0001', 1, '2022-07-19', '15:42:59', 10),
(50, 'KE0001', 0, '2022-07-19', '15:43:04', 0),
(51, 'SO0001', 0, '2022-07-19', '15:52:34', 0),
(52, 'SO0001', 1, '2022-07-19', '16:12:31', 0),
(53, 'SO0001', 0, '2022-07-19', '16:14:18', 0),
(54, 'SO0001', 1, '2022-07-19', '16:14:21', 0),
(55, 'SO0001', 0, '2022-07-19', '16:15:21', 0),
(56, 'SO0001', 1, '2022-07-19', '16:15:24', 0),
(57, 'SO0001', 0, '2022-07-19', '16:37:50', 0),
(58, 'SO0001', 1, '2022-07-19', '16:57:17', 0),
(59, 'SO0001', 0, '2022-07-20', '15:26:05', 0),
(60, 'SO0001', 1, '2022-07-20', '16:14:15', 0),
(61, 'SO0001', 0, '2022-07-20', '16:14:24', 0),
(62, 'SO0001', 1, '2022-07-20', '16:15:51', 0),
(63, 'SO0001', 0, '2022-07-20', '16:15:54', 0),
(64, 'KE0001', 1, '2022-07-20', '16:16:19', 10),
(65, 'KE0001', 0, '2022-07-20', '16:16:22', 0),
(66, 'KE0001', 1, '2022-07-20', '16:16:25', 0),
(67, 'KE0001', 0, '2022-07-20', '16:16:27', 0),
(68, 'SO0001', 1, '2022-07-20', '16:16:50', 0),
(69, 'SO0001', 0, '2022-07-20', '16:16:53', 0),
(70, 'SO0001', 1, '2022-07-20', '16:19:54', 10),
(71, 'SO0001', 0, '2022-07-20', '16:19:56', 0),
(72, 'SO0001', 1, '2022-07-20', '16:21:44', 0),
(73, 'SO0001', 0, '2022-07-20', '16:28:56', 0),
(74, 'SO0001', 1, '2022-07-20', '16:28:59', 0),
(75, 'SO0001', 0, '2022-07-20', '16:35:29', 0),
(76, 'SO0001', 1, '2022-07-20', '16:37:40', 0),
(77, 'SO0001', 0, '2022-07-20', '16:37:58', 0),
(78, 'SO0001', 1, '2022-07-20', '16:45:28', 0),
(79, 'SO0001', 0, '2022-07-20', '16:45:44', 0),
(80, 'SO0001', 1, '2022-07-20', '16:51:32', 0),
(81, 'SO0001', 0, '2022-07-20', '18:29:59', 0),
(82, 'SO0001', 1, '2022-07-20', '18:30:13', 0),
(83, 'SO0001', 0, '2022-07-20', '18:30:25', 0),
(84, 'SO0001', 1, '2022-07-20', '18:31:09', 0),
(85, 'SO0001', 0, '2022-07-20', '18:31:24', 0),
(86, 'SO0001', 1, '2022-07-20', '18:31:44', 0),
(87, 'SO0001', 0, '2022-07-20', '18:32:31', 0),
(88, 'SO0001', 1, '2022-07-20', '18:33:54', 0),
(89, 'SO0001', 0, '2022-07-20', '18:34:18', 0),
(90, 'SO0001', 1, '2022-07-20', '18:34:46', 0),
(91, 'SO0001', 0, '2022-07-20', '18:35:05', 0),
(92, 'SO0001', 1, '2022-07-20', '18:35:40', 0),
(93, 'SO0001', 0, '2022-07-20', '18:35:59', 0),
(94, 'SO0001', 1, '2022-07-20', '18:36:11', 0),
(95, 'SE0001', 1, '2022-07-20', '18:36:50', 10),
(96, 'SE0001', 0, '2022-07-20', '18:38:37', 0),
(97, 'SE0001', 1, '2022-07-20', '18:45:09', 0),
(98, 'SE0001', 0, '2022-07-20', '18:45:37', 0),
(99, 'SE0001', 1, '2022-07-20', '18:45:58', 0),
(100, 'SE0001', 0, '2022-07-20', '18:46:02', 0),
(101, 'KE0001', 1, '2022-07-20', '22:57:59', 0),
(102, 'KE0001', 0, '2022-07-20', '23:00:13', 0),
(103, 'KE0001', 1, '2022-07-20', '23:00:28', 0),
(104, 'KE0001', 0, '2022-07-20', '23:00:57', 0),
(105, 'KE0001', 1, '2022-07-20', '23:01:11', 0),
(106, 'KE0001', 0, '2022-07-20', '23:01:42', 0),
(107, 'KE0001', 1, '2022-07-20', '23:02:48', 0),
(108, 'KE0001', 0, '2022-07-20', '23:04:05', 0),
(109, 'KE0001', 1, '2022-07-20', '23:06:07', 0),
(110, 'KE0001', 0, '2022-07-20', '23:16:06', 0),
(111, 'KE0001', 1, '2022-07-20', '23:17:50', 0),
(112, 'KE0001', 0, '2022-07-20', '23:18:20', 0),
(113, 'KE0001', 1, '2022-07-20', '23:24:18', 0),
(114, 'KE0001', 0, '2022-07-20', '23:33:55', 0),
(115, 'KE0001', 1, '2022-07-20', '23:34:12', 0),
(116, 'SO0001', 0, '2022-07-20', '23:42:09', 0),
(117, 'SO0001', 1, '2022-07-20', '23:42:13', 0),
(118, 'KE0001', 0, '2022-07-21', '11:47:04', 0),
(119, 'SO0001', 0, '2022-07-21', '11:52:16', 0),
(120, 'SO0001', 1, '2022-07-21', '11:53:31', 10),
(121, 'SO0001', 0, '2022-07-21', '11:54:43', 0),
(122, 'SO0001', 1, '2022-07-21', '13:01:59', 0),
(123, 'SO0001', 0, '2022-07-21', '13:02:03', 0),
(124, 'KE0001', 1, '2022-07-21', '13:44:14', 10),
(125, 'KE0001', 0, '2022-07-21', '13:44:23', 0);

-- --------------------------------------------------------

--
-- テーブルの構造 `users`
--

CREATE TABLE `users` (
  `id` varchar(255) NOT NULL COMMENT 'ID',
  `name` varchar(255) NOT NULL COMMENT 'ユーザー名',
  `password` varchar(255) NOT NULL COMMENT 'パスワード',
  `department` varchar(255) NOT NULL COMMENT '部署',
  `point` int(32) NOT NULL DEFAULT 0 COMMENT 'ポイント',
  `attendance_flg` int(1) NOT NULL DEFAULT 0 COMMENT '出勤フラグ(0は未出勤/退勤、1は出勤)',
  `admin_flg` int(1) NOT NULL DEFAULT 0 COMMENT '管理者権限(管理者は1、一般は0)'
) ENGINE=InnoDB DEFAULT CHARSET=utf8mb4;

--
-- テーブルのデータのダンプ `users`
--

INSERT INTO `users` (`id`, `name`, `password`, `department`, `point`, `attendance_flg`, `admin_flg`) VALUES
('KE0001', '経理部のユーザー', '$2y$10$IzhvuGxdQSewI0/DdmTd.uXOpuVsUytjtkJLY0SjzJ0QeRHbj7f3e', '経理部', 1470, 0, 0),
('SO0001', '名無しの管理者', '$2y$10$6.sUokkGj0Tap09vniLKnun6c7SBR0eD9pt1rWvEN1edw7lLC/1ea', '総務部', 710, 0, 1),
('SE0001', '名無しの製造ユーザー', '$2y$10$TiauzoIEKxCPr1YFvaxcpOfnp0Z5PO.GUIfmA5Tq/pJFTkPRv8DoK', '製造部', 10, 0, 0),
('KE0002', '名無しの経理部員', '$2y$10$6tewyxXfhOnWvuK3kV795.QFv0hrDiuXSQJ3dknnoe5i/XfmwgeSy', '経理部', 0, 0, 0),
('SO0002', '名無しの総務部員', '$2y$10$XvjIC92O6iAIPImIhlDJP..xl8.mY5Fjx.XnWsgzLAZ0uObnkjQQ.', '総務部', 0, 0, 0),
('SO0003', '名無しの総務部員3', '$2y$10$MCXuAsvd/nnyz3Fi59NUl.1akpmMx6NMX8ltQBuaEWvorUIRfweuK', '総務部', 0, 0, 0),
('SE0002', '名無しの製造部員', '$2y$10$/WINrX61oexxTfRuEShgLOfaI10xfq7Eo7VsiF4vXSsnl5tAsmC.i', '製造部', 0, 0, 0),
('SE0003', '名無しの製造部員3', '$2y$10$4tAw9xMWjuNiAMAHyPGmD.Z3qOsad0/rJZ3m266mppN5c.djetHvS', '製造部', 0, 0, 0),
('KE0003', '名無しの経理部員3', '$2y$10$p2iw3lHZ60C1Nm6oKmPbxeNWRw.ak4Oow7rJLvknAh9KJcLyLhyCu', '経理部', 0, 0, 0),
('KE0004', '名無しの経理部管理者', '$2y$10$R1IIbRT6oUQOa4x8tjg1su7CDPDm8/jIJgNoC5Me8mL/FkJlFbWEG', '経理部', 0, 0, 1),
('SO0010', 'soumu', '$2y$10$3cRqtCziwuiTAXB2ZRNulOTFv8AwDlpDNoFLbCrM8JrM9CShRop4W', '総務部', 0, 0, 0),
('KE0010', 'keiri', '$2y$10$VBPF4Zz1EP4p7ziGm6ti0eWW57rQoncXMfxeJ8I8oYpmpHgj38uZO', '経理部', 0, 0, 0),
('SO0020', 'aiueo', '$2y$10$ISwg6jU3wWCvthEKszR.GOsEHvkzd9XLZZV3wiwjPEHrA1bHWtwke', '総務部', 0, 0, 0),
('SO0021', 'kakiku', '$2y$10$fR.J2DFTKUUCBsZxl/qj5OImpvXC819nUgPZ1K29mhuAmn88IPVfy', '総務部', 0, 0, 0),
('SO0022', 'sasisu', '$2y$10$hFkFfDKW7eQmy8.kQqolqu2b/yRRpv1NN9.5z1OOS59EXQyaEh0BK', '総務部', 0, 0, 0),
('SO0023', 'tatitu', '$2y$10$vdS6QH7MPQGVrzetXImyS.XxbGFUAZ0PiFRXBsypn8ks2n4wDBABG', '総務部', 0, 0, 0),
('SO0024', 'hahihu', '$2y$10$YBPwNByQKo8EVvt84J75HuwZloT/O4f1VS5V3WffIHIf3LULPylNO', '総務部', 0, 0, 0),
('KE0011', 'hogehoge', '$2y$10$zmVmQuG/B0ovFd/XQ/iHbuaaUvGIbXDAF.IkLS8VBnUhxWRgytl4y', '経理部', 0, 0, 0);

--
-- ダンプしたテーブルのインデックス
--

--
-- テーブルのインデックス `orders`
--
ALTER TABLE `orders`
  ADD PRIMARY KEY (`id`);

--
-- テーブルのインデックス `products`
--
ALTER TABLE `products`
  ADD PRIMARY KEY (`id`);

--
-- テーブルのインデックス `times`
--
ALTER TABLE `times`
  ADD PRIMARY KEY (`id`);

--
-- ダンプしたテーブルの AUTO_INCREMENT
--

--
-- テーブルの AUTO_INCREMENT `orders`
--
ALTER TABLE `orders`
  MODIFY `id` int(32) NOT NULL AUTO_INCREMENT COMMENT 'ID', AUTO_INCREMENT=32;

--
-- テーブルの AUTO_INCREMENT `products`
--
ALTER TABLE `products`
  MODIFY `id` int(32) NOT NULL AUTO_INCREMENT COMMENT 'ID', AUTO_INCREMENT=4;

--
-- テーブルの AUTO_INCREMENT `times`
--
ALTER TABLE `times`
  MODIFY `id` int(32) NOT NULL AUTO_INCREMENT COMMENT 'ID', AUTO_INCREMENT=126;
COMMIT;

/*!40101 SET CHARACTER_SET_CLIENT=@OLD_CHARACTER_SET_CLIENT */;
/*!40101 SET CHARACTER_SET_RESULTS=@OLD_CHARACTER_SET_RESULTS */;
/*!40101 SET COLLATION_CONNECTION=@OLD_COLLATION_CONNECTION */;
